id,first_name,last_name,experienceYears,passedExams,dateOfBirth,email,phone
1,Jodi,Belle,8,19,1978,jbelle0@stanford.edu,303-215-2878
2,Aldric,Woodison,17,14,1969,awoodison1@g.co,907-119-2044
3,Nikolaos,Camocke,3,9,1969,ncamocke2@mit.edu,189-476-1704
4,Mira,Dietzler,0,10,1994,mdietzler3@fema.gov,143-199-7841
5,Celesta,Jameson,14,18,1971,cjameson4@odnoklassniki.ru,131-427-3591
6,Laurice,Seabridge,7,0,1988,lseabridge5@dion.ne.jp,292-667-2362
7,Boot,Golborn,0,4,1973,bgolborn6@cnn.com,145-886-8028
8,Ealasaid,Jedrzejkiewicz,8,24,2002,ejedrzejkiewicz7@msu.edu,674-981-2753
9,Gustavo,Stovine,1,5,1990,gstovine8@uiuc.edu,859-273-1175
10,Midge,Akerman,2,16,2002,makerman9@qq.com,397-639-0283
11,Sally,Pyer,11,8,1985,spyera@wix.com,982-350-1243
12,Gianna,Starbuck,9,0,1997,gstarbuckb@pagesperso-orange.fr,655-433-0766
13,Manfred,Lodo,7,26,1991,mlodoc@china.com.cn,608-404-7581
14,Tadeo,Sutherden,4,1,1976,tsutherdend@ca.gov,860-915-1138
15,Marcos,Meininger,3,10,1991,mmeiningere@hp.com,455-707-0204
16,Jayne,Marvell,15,1,1978,jmarvellf@sogou.com,266-329-6146
17,Bard,Lipprose,1,32,1991,blipproseg@uiuc.edu,337-728-4842
18,Jena,Fridd,4,26,1973,jfriddh@cbc.ca,
19,Debee,Redsell,4,24,1979,dredselli@home.pl,522-589-4404
20,Ara,Staines,14,20,1975,astainesj@smugmug.com,739-344-5588
21,Kim,Clamo,5,24,1976,kclamok@google.ru,706-579-9005
22,Kirsten,Crocken,4,0,1990,kcrockenl@netscape.com,492-465-1710
23,Nicol,Vallantine,5,29,1976,nvallantinem@businesswire.com,910-373-0891
24,Atlante,Pateman,12,29,1974,apatemann@macromedia.com,840-222-6498
25,Mathilda,Jenoure,3,5,1984,mjenoureo@zimbio.com,340-263-1631
26,Bob,Ghio,5,24,1975,bghiop@edublogs.org,803-314-3976
27,Ashbey,Divine,4,0,1980,adivineq@marketwatch.com,816-334-4051
28,Madelin,Benton,10,27,1976,mbentonr@tuttocitta.it,290-914-3225
29,Verile,Beavan,11,6,1999,vbeavans@stumbleupon.com,333-490-7294
30,Quentin,Fishley,5,5,1981,qfishleyt@indiatimes.com,815-307-8055
31,Michele,Bottjer,7,17,1973,mbottjeru@fda.gov,
32,Sancho,Gribbon,4,27,1993,sgribbonv@slate.com,
33,Phillis,Coldwell,14,2,1975,pcoldwellw@mapy.cz,186-367-7269
34,Iormina,Morant,17,13,1987,imorantx@oakley.com,996-439-9551
35,Chiquia,Le Breton De La Vieuville,15,8,1997,clebretondelavieuvilley@diigo.com,677-828-7488
36,Eartha,Ilive,15,25,2000,eilivez@blogspot.com,339-514-4624
37,Lawton,Willingam,9,32,1982,lwillingam10@redcross.org,461-885-6081
38,Grant,Ply,3,25,1972,gply11@rambler.ru,892-594-4869
39,Cyb,Hallard,14,14,1972,challard12@springer.com,472-103-6792
40,Nelson,Rowaszkiewicz,7,14,1974,nrowaszkiewicz13@amazon.de,525-741-0024
41,Sarah,Bowler,16,12,1981,sbowler14@ed.gov,801-691-3669
42,Immanuel,McGuggy,7,26,2000,imcguggy15@utexas.edu,949-520-4078
43,Willem,Romaines,14,31,1979,wromaines16@wikispaces.com,740-934-7158
44,Krispin,Klossek,6,28,1969,kklossek17@wp.com,964-686-6248
45,Elnora,Mattia,12,23,1997,emattia18@msn.com,886-593-5063
46,Bill,Eakins,17,6,2000,beakins19@reverbnation.com,694-609-1040
47,Kacey,Gumery,3,22,1994,kgumery1a@edublogs.org,122-939-1562
48,Tabatha,Ramstead,2,12,1996,tramstead1b@vk.com,788-472-1066
49,Margareta,Brockest,11,22,1986,mbrockest1c@scientificamerican.com,488-166-4131
50,Corny,Procter,0,4,1975,cprocter1d@weather.com,495-166-9054
51,Baxie,Ghione,3,10,1984,bghione1e@nydailynews.com,
52,Kass,Baiss,16,30,1989,kbaiss1f@elpais.com,308-673-2067
53,Carolyne,Birchenhead,17,2,1979,cbirchenhead1g@yandex.ru,139-750-2385
54,Melinde,Belson,16,7,1998,mbelson1h@go.com,894-903-2065
55,Verile,Hover,9,19,1995,vhover1i@xinhuanet.com,635-660-8672
56,Sergent,Witty,12,21,1980,switty1j@sitemeter.com,471-862-0585
57,Tirrell,Whistance,11,32,2000,twhistance1k@nydailynews.com,259-701-2277
58,Gwenny,Micklewicz,10,10,1985,gmicklewicz1l@cocolog-nifty.com,999-802-1030
59,Fredek,Jindrich,14,11,1992,fjindrich1m@cdbaby.com,155-798-6111
60,Yevette,Cafferty,5,6,1986,ycafferty1n@apache.org,490-289-9752
61,Hallsy,Berrey,5,14,1988,hberrey1o@youku.com,876-485-1842
62,Perl,Silverton,11,0,2002,psilverton1p@squarespace.com,638-109-5392
63,Gayler,James,14,17,1996,gjames1q@pinterest.com,280-742-8748
64,Elwood,Hulles,2,15,1979,ehulles1r@yale.edu,541-949-8708
65,Bill,Graveson,11,24,1998,bgraveson1s@huffingtonpost.com,251-527-6275
66,Randi,Mewburn,10,28,1970,rmewburn1t@newsvine.com,976-746-0539
67,Christiana,Herreran,6,26,1998,cherreran1u@google.de,360-732-2828
68,Rodie,Trigg,12,4,2001,rtrigg1v@businesswire.com,963-587-9732
69,Randal,Reely,0,31,2001,rreely1w@drupal.org,994-202-4168
70,Hershel,Benediktsson,1,14,2002,hbenediktsson1x@wordpress.com,453-381-7891
71,Birdie,O' Clovan,3,20,1976,boclovan1y@ycombinator.com,933-777-7200
72,Terrill,Eminson,13,26,1971,teminson1z@mapy.cz,852-660-6862
73,Filip,Linner,16,14,1992,flinner20@list-manage.com,664-557-0388
74,Cindra,Guild,6,22,1971,cguild21@a8.net,895-954-2150
75,Gorden,Westwood,9,27,1987,gwestwood22@typepad.com,614-250-2128
76,Nealon,Aloshechkin,16,10,1975,naloshechkin23@chron.com,191-793-0549
77,Earlie,Heaford,5,16,1972,eheaford24@cdbaby.com,100-615-7006
78,Nell,Isherwood,5,19,1987,nisherwood25@discuz.net,176-816-2682
79,Clemente,Trimming,15,30,1995,ctrimming26@deviantart.com,710-815-4457
80,Leon,Corbridge,16,25,1985,lcorbridge27@nbcnews.com,
81,Ezra,Chellingworth,10,30,1995,echellingworth28@cbsnews.com,300-468-6734
82,Wendi,Rhydderch,1,6,1997,wrhydderch29@nba.com,
83,Zia,Lademann,16,32,1993,zlademann2a@bbb.org,833-384-3683
84,Coreen,Parradye,4,6,1983,cparradye2b@mozilla.com,895-816-7013
85,Corenda,Dwyr,4,26,1976,cdwyr2c@jigsy.com,768-925-4673
86,Penny,Grieswood,17,24,1993,pgrieswood2d@hao123.com,558-836-1681
87,Nadiya,Symcoxe,13,3,1984,nsymcoxe2e@geocities.jp,870-631-3505
88,Sharity,Dawes,11,18,2002,sdawes2f@tripadvisor.com,425-537-3227
89,Jone,Royal,0,21,1984,jroyal2g@hubpages.com,611-451-1477
90,Chiquia,Jurgensen,1,31,1973,cjurgensen2h@economist.com,915-508-5465
91,Thekla,O'Hickey,16,28,1982,tohickey2i@mtv.com,357-498-5904
92,Shelby,Solan,16,32,1996,ssolan2j@yahoo.co.jp,486-119-6235
93,Papagena,Valois,0,18,1975,pvalois2k@live.com,865-328-8075
94,Kirsteni,Toppas,5,31,1983,ktoppas2l@time.com,385-879-1688
95,Lynea,Coghlin,16,28,1982,lcoghlin2m@mayoclinic.com,589-506-2888
96,Alexandra,Agnew,3,11,1974,aagnew2n@salon.com,614-760-1684
97,Darcey,Patsall,14,9,2002,dpatsall2o@flickr.com,837-638-4213
98,Merle,Duffrie,7,9,1980,mduffrie2p@fotki.com,155-332-4531
99,Rikki,Mallaby,11,18,1987,rmallaby2q@gmpg.org,861-668-0087
100,Annissa,Wraith,14,24,1991,awraith2r@admin.ch,194-737-5943
101,Ludvig,Breckell,16,3,1978,lbreckell2s@apple.com,633-210-7484
102,Georges,Woolvin,14,19,1996,gwoolvin2t@ning.com,508-145-7266
103,Daisey,Corser,15,26,1997,dcorser2u@google.ca,108-190-7702
104,Hugibert,Kembrey,12,0,2002,hkembrey2v@odnoklassniki.ru,
105,Cordey,Spinks,8,18,1986,cspinks2w@angelfire.com,614-647-1340
106,Whittaker,Stonhewer,2,4,2002,wstonhewer2x@stumbleupon.com,964-299-1728
107,Maryrose,Braunston,10,29,1977,mbraunston2y@geocities.jp,848-678-3837
108,Modesta,Caldron,5,9,1974,mcaldron2z@stanford.edu,491-649-5193
109,Korney,Muddicliffe,4,13,1985,kmuddicliffe30@walmart.com,
110,Hollyanne,Capini,4,12,1982,hcapini31@sourceforge.net,935-236-8836
111,Nydia,Goldring,11,22,2001,ngoldring32@gizmodo.com,599-985-0758
112,Merrili,Dunnan,2,16,2002,mdunnan33@paginegialle.it,719-760-9490
113,Freeman,Garbott,2,26,1989,fgarbott34@wordpress.org,300-154-8128
114,Faulkner,Thoumas,10,18,1979,fthoumas35@go.com,271-184-2714
115,Farica,Hubner,11,8,2002,fhubner36@edublogs.org,876-987-5992
116,Bertie,Tolley,14,25,1995,btolley37@jalbum.net,573-964-8353
117,Annecorinne,Penchen,3,11,2001,apenchen38@gmpg.org,584-434-5207
118,Mill,Lakeman,13,5,1975,mlakeman39@unblog.fr,
119,Wyatt,Fazackerley,5,23,1992,wfazackerley3a@foxnews.com,813-401-4664
120,Maisie,Candish,12,0,1972,mcandish3b@360.cn,561-583-3817
121,Pepe,de Grey,12,18,1994,pdegrey3c@cpanel.net,100-198-9919
122,Deb,Medford,16,6,1985,dmedford3d@mapy.cz,392-157-0391
123,Puff,Camblin,9,26,1985,pcamblin3e@unicef.org,464-452-6933
124,Bennie,Lintot,7,7,1971,blintot3f@cbc.ca,327-640-0934
125,Hartley,Clogg,1,9,1993,hclogg3g@vistaprint.com,715-117-3586
126,Layney,Sturdey,13,2,1975,lsturdey3h@prweb.com,650-928-4016
127,Ryon,Mulvihill,3,23,1997,rmulvihill3i@loc.gov,488-755-6334
128,Deni,Franceschi,4,23,1971,dfranceschi3j@ebay.co.uk,223-425-5029
129,Erena,Woolacott,13,22,1978,ewoolacott3k@dailymail.co.uk,639-563-7147
130,Tyne,Courtier,6,7,2002,tcourtier3l@t.co,142-753-4496
131,Maryann,Gallaher,9,27,1971,mgallaher3m@addthis.com,596-475-9860
132,Conant,Sizeland,7,16,2000,csizeland3n@mysql.com,718-523-0753
133,Kathryne,Wasling,16,7,1977,kwasling3o@icq.com,199-346-6647
134,Aida,Fabri,12,31,1998,afabri3p@rediff.com,893-618-1043
135,Eryn,Earie,14,32,1977,eearie3q@virginia.edu,864-716-7682
136,Elsie,Paule,4,25,2002,epaule3r@omniture.com,560-183-1601
137,Mackenzie,Brosel,4,29,2002,mbrosel3s@purevolume.com,595-134-7375
138,Nanon,Edsall,17,24,1999,nedsall3t@sakura.ne.jp,828-208-4216
139,Pooh,Wearn,15,22,1989,pwearn3u@reddit.com,242-565-3517
140,Marlon,Kilalea,1,18,1987,mkilalea3v@yahoo.com,681-576-2539
141,Ranee,Phillipp,11,5,1987,rphillipp3w@wired.com,371-400-9849
142,Ruggiero,Rudram,2,14,1999,rrudram3x@photobucket.com,419-518-9093
143,Jarvis,Gulliford,7,16,1991,jgulliford3y@cdbaby.com,692-128-9972
144,Lion,Ferrige,9,26,1970,lferrige3z@adobe.com,463-156-8559
145,Bucky,Whitford,15,30,1970,bwhitford40@upenn.edu,
146,Ashlie,Falcus,13,19,1995,afalcus41@thetimes.co.uk,840-672-7529
147,Roma,Bugden,2,19,1986,rbugden42@msn.com,322-730-9527
148,Barthel,Eatttok,14,1,1986,beatttok43@posterous.com,861-244-5885
149,Chaddie,Ramplee,14,2,1995,cramplee44@sun.com,518-571-9736
150,Heriberto,O'Leahy,4,31,1990,holeahy45@tuttocitta.it,936-884-8482
151,Ruggiero,Rushton,12,8,1993,rrushton46@bbc.co.uk,433-678-9594
152,Estevan,Tidbald,16,19,1983,etidbald47@samsung.com,597-347-2548
153,Renault,Pappin,8,24,1986,rpappin48@statcounter.com,228-339-3744
154,Nappy,Routhorn,6,17,1983,nrouthorn49@guardian.co.uk,430-702-5769
155,Nannette,Dewdney,16,18,1991,ndewdney4a@acquirethisname.com,301-358-3286
156,Maiga,Obert,12,29,1971,mobert4b@mtv.com,742-516-1135
157,Dorelia,Porch,14,30,1988,dporch4c@123-reg.co.uk,811-343-0412
158,Annalise,Menlow,12,14,1972,amenlow4d@comsenz.com,865-667-9748
159,Corina,Gauvin,2,4,1993,cgauvin4e@cisco.com,234-634-0919
160,Emelen,Swyndley,15,19,1998,eswyndley4f@pagesperso-orange.fr,997-213-2626
161,Harv,Dabrowski,10,10,1969,hdabrowski4g@dagondesign.com,364-594-6778
162,Tymon,Naile,16,5,1978,tnaile4h@biblegateway.com,756-176-6193
163,Maximo,Strong,8,15,1998,mstrong4i@etsy.com,725-868-6754
164,Milzie,Pratley,11,14,2002,mpratley4j@hp.com,811-857-3891
165,Camella,Riseley,9,10,1999,criseley4k@oaic.gov.au,361-520-9218
166,Billi,Blandamore,8,20,1974,bblandamore4l@linkedin.com,
167,Mathilda,Meus,1,21,1992,mmeus4m@sfgate.com,644-470-6703
168,Yankee,Carlisle,15,18,1988,ycarlisle4n@wufoo.com,109-645-2461
169,Shepard,Penke,10,28,2001,spenke4o@spotify.com,763-191-0812
170,Meredith,Pigot,10,4,1973,mpigot4p@nationalgeographic.com,949-647-0751
171,Susan,Shillitto,15,30,1998,sshillitto4q@fc2.com,863-489-4431
172,Marice,Kramer,13,23,1982,mkramer4r@storify.com,
173,Reuben,Mertin,10,10,1977,rmertin4s@amazon.co.jp,776-110-1352
174,Martguerita,Jeffrey,12,23,1969,mjeffrey4t@intel.com,113-552-3219
175,Belle,Bore,6,15,1987,bbore4u@t.co,823-588-0524
176,Euphemia,Braley,10,31,1969,ebraley4v@pen.io,912-474-4636
177,Kassandra,Ullett,14,12,2001,kullett4w@canalblog.com,334-886-9918
178,Antoni,Trunks,16,12,2002,atrunks4x@mayoclinic.com,631-606-1623
179,Burgess,Quilliam,1,28,1978,bquilliam4y@newsvine.com,853-653-8598
180,Isis,Antonias,11,16,1996,iantonias4z@mtv.com,914-515-6376
181,Daren,O'Currine,0,31,1999,docurrine50@senate.gov,649-416-4575
182,Rosaleen,Tarburn,17,16,1994,rtarburn51@soup.io,955-665-6192
183,Belva,Sherry,1,5,1989,bsherry52@cargocollective.com,801-539-3912
184,Casey,Costar,10,24,1994,ccostar53@skyrock.com,620-657-4656
185,Inez,Blunsen,9,19,1978,iblunsen54@ezinearticles.com,899-485-4078
186,Katharina,Godsell,1,6,1973,kgodsell55@bbc.co.uk,909-338-1354
187,Zsazsa,Trebble,14,10,2000,ztrebble56@xinhuanet.com,766-976-3046
188,Bonny,Huskisson,13,4,1969,bhuskisson57@usnews.com,897-851-9409
189,Alayne,Cratchley,0,16,1971,acratchley58@bing.com,903-303-8228
190,Demetrius,Arangy,9,19,1983,darangy59@bloglovin.com,409-931-9553
191,Lorna,Gunston,10,5,1980,lgunston5a@ameblo.jp,453-668-1140
192,Franny,Naile,9,27,2000,fnaile5b@guardian.co.uk,484-784-2643
193,Clemmie,Dikle,9,28,2001,cdikle5c@aol.com,604-217-4042
194,Jody,Grisenthwaite,12,21,1980,jgrisenthwaite5d@angelfire.com,910-285-4956
195,Waylin,Meth,9,7,1986,wmeth5e@angelfire.com,114-108-7187
196,Rhoda,Pay,3,29,1978,rpay5f@ebay.com,357-145-9947
197,Goldi,Whitsun,3,18,1972,gwhitsun5g@list-manage.com,562-524-0827
198,Chloette,Jenson,7,4,1979,cjenson5h@domainmarket.com,338-224-5351
199,David,Basketfield,13,18,1996,dbasketfield5i@bbc.co.uk,838-291-7575
200,Lanny,Jain,2,20,2000,ljain5j@google.es,297-974-1904
201,Gae,Debnam,7,22,1974,gdebnam5k@dot.gov,934-714-9639
202,Gaylord,Ofen,0,25,1992,gofen5l@unblog.fr,426-251-6968
203,Merna,Leachman,9,6,2002,mleachman5m@spotify.com,145-493-3472
204,Bethena,Lowensohn,16,12,1993,blowensohn5n@woothemes.com,509-569-7103
205,Averil,Benne,7,2,1990,abenne5o@tinyurl.com,250-482-2548
206,Amye,Laste,16,7,1972,alaste5p@fda.gov,553-437-1904
207,Guntar,Batters,10,24,1975,gbatters5q@chronoengine.com,318-669-8751
208,Harriette,Lainge,0,2,1975,hlainge5r@forbes.com,779-332-6282
209,Meaghan,Simoneschi,9,10,2002,msimoneschi5s@fc2.com,644-772-2689
210,Jameson,Haldon,16,31,1983,jhaldon5t@devhub.com,928-552-1691
211,Vassili,Rhymes,11,10,1997,vrhymes5u@delicious.com,332-739-3469
212,Jarrid,Lodder,9,26,1996,jlodder5v@theatlantic.com,695-286-2959
213,Nollie,Akroyd,1,22,1992,nakroyd5w@newsvine.com,810-219-4634
214,Clemmie,Siemon,0,24,1986,csiemon5x@google.com.au,415-879-7148
215,Stephanie,Vaen,13,7,1973,svaen5y@shareasale.com,404-890-7804
216,Hillary,Derx,6,32,1993,hderx5z@123-reg.co.uk,464-308-2599
217,Ann,Dadds,1,0,1973,adadds60@uiuc.edu,945-984-3865
218,Joice,Odeson,1,31,1986,jodeson61@businessinsider.com,535-104-3783
219,Bev,McQuillan,7,24,1996,bmcquillan62@bbc.co.uk,290-259-2053
220,Johny,Firle,0,13,1998,jfirle63@paypal.com,502-132-4146
221,Aliza,Winterborne,5,26,1992,awinterborne64@livejournal.com,767-610-8777
222,Florrie,Smallthwaite,7,10,1984,fsmallthwaite65@printfriendly.com,805-661-2965
223,Berke,Carrel,16,24,1982,bcarrel66@apple.com,426-204-7464
224,Tandi,Marvell,16,32,1985,tmarvell67@a8.net,599-326-8849
225,Elsi,Rhymer,4,20,1982,erhymer68@domainmarket.com,354-509-2860
226,Merrilee,Salsbury,10,19,1986,msalsbury69@upenn.edu,918-204-7624
227,Averil,Cato,1,23,2000,acato6a@google.com.hk,618-722-9788
228,Paulie,Waterfield,8,26,1978,pwaterfield6b@oracle.com,795-804-4379
229,Claudell,Degoe,17,21,1990,cdegoe6c@prweb.com,959-926-3135
230,Marrilee,Sarsfield,8,13,1990,msarsfield6d@samsung.com,829-388-5678
231,Shaylyn,Death,7,19,1993,sdeath6e@wordpress.com,710-765-8101
232,Howey,Swaby,3,2,1975,hswaby6f@addtoany.com,223-180-2274
233,Esteban,Casin,8,11,1970,ecasin6g@google.it,145-870-7708
234,Marten,Burthom,17,7,1978,mburthom6h@goo.ne.jp,867-770-7267
235,Sylas,Sherbrooke,10,14,2001,ssherbrooke6i@google.de,717-603-6139
236,Lorin,Iglesias,15,14,1998,liglesias6j@acquirethisname.com,735-278-9779
237,Alphonso,Lockie,2,8,1969,alockie6k@bbc.co.uk,440-834-9863
238,Dahlia,Smurfit,0,4,1987,dsmurfit6l@squidoo.com,473-506-1665
239,Daryn,Gifford,12,23,1985,dgifford6m@symantec.com,279-474-8147
240,Durant,Middlehurst,9,32,1969,dmiddlehurst6n@washingtonpost.com,340-652-9479
241,Rube,Abramof,9,25,1997,rabramof6o@discovery.com,719-342-8570
242,Rasia,Applin,11,17,1991,rapplin6p@live.com,145-934-6798
243,Beitris,Mote,9,17,1979,bmote6q@zimbio.com,466-356-5178
244,Kinnie,Drohun,14,10,1999,kdrohun6r@live.com,818-970-6747
245,Merl,Brayshaw,1,25,1999,mbrayshaw6s@deviantart.com,420-312-9469
246,Merilee,Barrick,15,17,1976,mbarrick6t@fastcompany.com,390-533-2521
247,Steven,Sidaway,10,17,1984,ssidaway6u@cocolog-nifty.com,
248,Brittni,Kirkebye,15,7,1977,bkirkebye6v@github.io,551-404-9689
249,Margalo,McFarland,4,8,1980,mmcfarland6w@ibm.com,294-299-6235
250,Alvinia,Tayloe,16,4,1990,atayloe6x@abc.net.au,803-823-5291
251,Dal,Swynfen,11,9,1998,dswynfen6y@boston.com,919-295-5676
252,Lyndsie,Endrizzi,5,7,1996,lendrizzi6z@tumblr.com,560-448-4666
253,Alejandra,Cluitt,8,31,1992,acluitt70@merriam-webster.com,307-936-8417
254,Rafaellle,Shapira,6,0,1969,rshapira71@oaic.gov.au,493-535-4903
255,Sydney,Meritt,13,10,1998,smeritt72@dot.gov,542-713-0829
256,Darcie,Parr,15,32,1979,dparr73@creativecommons.org,869-267-6325
257,Hermione,Kadwallider,8,17,1984,hkadwallider74@mtv.com,883-279-1123
258,Donaugh,Mateev,13,20,2000,dmateev75@hubpages.com,819-657-0440
259,Gloria,Powell,15,2,1991,gpowell76@geocities.com,390-474-3684
260,Ina,Boorman,6,0,1989,iboorman77@tripod.com,877-547-6555
261,Ethe,Daintry,7,1,2002,edaintry78@free.fr,710-215-5724
262,Ericha,De Ferraris,14,31,2001,edeferraris79@is.gd,
263,Josefa,Doggerell,17,20,1974,jdoggerell7a@wisc.edu,603-499-1174
264,Etta,Issatt,17,5,1994,eissatt7b@oakley.com,659-286-4891
265,Aguistin,Fenby,16,27,1981,afenby7c@opensource.org,501-659-5146
266,Ellery,Munslow,17,27,1971,emunslow7d@indiatimes.com,870-156-3880
267,Lacy,Keetch,9,26,1997,lkeetch7e@google.ca,701-775-5093
268,Jerrylee,Anton,14,27,1980,janton7f@about.com,171-712-2638
269,Van,Hounsom,11,3,1997,vhounsom7g@gnu.org,989-312-7838
270,Petra,Barrs,12,8,1984,pbarrs7h@zimbio.com,939-881-5351
271,Jerald,Benns,4,6,1969,jbenns7i@stanford.edu,339-945-9960
272,Odilia,Swaile,16,14,1974,oswaile7j@foxnews.com,158-478-6485
273,Gusella,O'Finan,16,19,1994,gofinan7k@rediff.com,207-382-8312
274,Bordie,Dufoure,15,20,1981,bdufoure7l@un.org,743-493-1049
275,Nessa,Sugden,4,28,1999,nsugden7m@timesonline.co.uk,647-566-7463
276,Marketa,Kleint,1,12,1982,mkleint7n@clickbank.net,718-953-6442
277,Kippy,Balaison,17,2,1994,kbalaison7o@si.edu,369-114-6933
278,Amery,Saddleton,6,12,1991,asaddleton7p@comsenz.com,741-955-2365
279,Kelci,Scholz,0,4,1983,kscholz7q@guardian.co.uk,731-284-2401
280,Kelsey,Vasilischev,3,23,1975,kvasilischev7r@nationalgeographic.com,610-183-9529
281,Charlene,Vockins,15,7,1984,cvockins7s@upenn.edu,123-504-3807
282,Grayce,Lippitt,11,25,1977,glippitt7t@deliciousdays.com,445-682-8999
283,Elizabeth,Cavendish,3,32,1973,ecavendish7u@yandex.ru,720-108-8580
284,Amara,Gowing,10,12,1988,agowing7v@bloglines.com,597-546-5687
285,Sandye,Wilkin,2,12,1990,swilkin7w@shop-pro.jp,858-131-5102
286,Lawry,Grishenkov,17,2,1979,lgrishenkov7x@spotify.com,409-503-8359
287,Justine,Vowell,13,17,1972,jvowell7y@admin.ch,984-887-7305
288,Kane,Gypps,11,16,1989,kgypps7z@netscape.com,
289,Amos,Yole,8,28,1970,ayole80@wired.com,289-895-4820
290,Minerva,Clipson,12,7,1971,mclipson81@rakuten.co.jp,850-253-8054
291,Jane,Kolczynski,13,25,1990,jkolczynski82@gmpg.org,812-700-9711
292,Filia,Targetter,12,13,1973,ftargetter83@google.de,300-537-6619
293,Dasie,Sinnatt,5,14,1970,dsinnatt84@cmu.edu,776-256-0425
294,Cletis,Wann,6,13,1985,cwann85@hugedomains.com,679-153-7868
295,Federica,Brim,2,0,1972,fbrim86@oracle.com,
296,Nadeen,Rickwood,14,1,1986,nrickwood87@apple.com,220-190-1246
297,Rodi,Madgwick,9,5,1972,rmadgwick88@dagondesign.com,359-373-7604
298,Sandy,Gilhoolie,2,5,1993,sgilhoolie89@weebly.com,735-875-5063
299,Cybil,Teck,10,5,1995,cteck8a@php.net,801-781-6411
300,Corrie,Kirkwood,3,10,2001,ckirkwood8b@chicagotribune.com,750-572-0232
301,Donnamarie,Lawrey,7,18,2000,dlawrey8c@boston.com,325-186-4024
302,Marcelo,Linklater,6,26,1984,mlinklater8d@newyorker.com,503-692-6921
303,Agatha,Ketley,17,16,1986,aketley8e@apache.org,146-657-2101
304,Faythe,Pedri,14,5,2001,fpedri8f@va.gov,941-214-6976
305,Janela,Premble,5,9,1989,jpremble8g@joomla.org,780-612-7129
306,Kathy,Brownsall,16,0,1997,kbrownsall8h@foxnews.com,908-477-5373
307,Fidole,Iannetti,9,21,1970,fiannetti8i@yolasite.com,147-346-1447
308,Hewe,Kersting,2,19,1970,hkersting8j@moonfruit.com,331-602-7600
309,Cord,Muddimer,6,31,1976,cmuddimer8k@e-recht24.de,446-174-0221
310,Willamina,Antal,11,11,1997,wantal8l@ibm.com,772-797-0990
311,Hansiain,O'Scollee,5,17,1974,hoscollee8m@hugedomains.com,710-110-8118
312,Vlad,Perico,1,27,1998,vperico8n@chronoengine.com,437-754-3517
313,Garrick,Halwood,7,15,1995,ghalwood8o@dagondesign.com,430-445-5400
314,Normand,Mummery,12,23,2001,nmummery8p@prweb.com,531-344-0264
315,Otis,Annis,7,2,1972,oannis8q@reddit.com,847-146-0421
316,Haroun,Mousdall,14,30,1973,hmousdall8r@apache.org,912-387-0605
317,Alva,Gier,5,31,1989,agier8s@chronoengine.com,909-644-6823
318,Lacee,Lifton,1,30,1988,llifton8t@princeton.edu,546-502-5590
319,Shem,Kerwick,0,4,1977,skerwick8u@indiatimes.com,471-454-8592
320,Gwendolyn,Claessens,2,14,1990,gclaessens8v@miitbeian.gov.cn,280-779-1943
321,Baxter,Duley,14,16,1992,bduley8w@facebook.com,760-527-6129
322,Maud,Tyrone,17,22,1996,mtyrone8x@intel.com,673-186-4618
323,Arda,Cutchee,17,15,1974,acutchee8y@globo.com,140-812-1166
324,Tiffany,Lenoir,15,5,1981,tlenoir8z@cnet.com,564-846-1787
325,Nonnah,Streeter,5,3,1970,nstreeter90@scribd.com,
326,Adrian,McLaine,9,13,1984,amclaine91@usa.gov,830-662-7977
327,Ebeneser,Iacovo,7,25,1978,eiacovo92@flickr.com,490-703-7884
328,Leena,Mc Carroll,1,1,1994,lmccarroll93@free.fr,374-203-4338
329,Calla,Jindracek,1,18,1971,cjindracek94@unc.edu,847-746-4704
330,Sherie,Koeppke,11,22,1972,skoeppke95@g.co,993-992-8370
331,Missie,Brugsma,11,28,1975,mbrugsma96@census.gov,612-161-4523
332,Aldon,Yesenin,14,3,1982,ayesenin97@geocities.com,905-594-2609
333,Cristen,Paaso,1,18,2000,cpaaso98@cargocollective.com,432-733-9266
334,Bradney,Bathowe,15,22,1998,bbathowe99@dailymail.co.uk,440-990-9525
335,Adelice,Pettisall,7,13,1997,apettisall9a@oaic.gov.au,954-572-8949
336,Grier,Billsberry,4,0,1984,gbillsberry9b@kickstarter.com,482-250-8024
337,Rockie,Woffinden,10,2,1998,rwoffinden9c@go.com,531-470-0525
338,Skip,Kennsley,2,14,1975,skennsley9d@addtoany.com,651-625-4498
339,Lowell,Kornel,1,14,2000,lkornel9e@hud.gov,521-829-6626
340,Zsazsa,Lebbern,2,27,1979,zlebbern9f@theguardian.com,178-439-5183
341,Fraser,Ewles,10,30,1979,fewles9g@ft.com,159-529-3922
342,Cecilius,Locard,2,9,1970,clocard9h@disqus.com,387-363-6422
343,Madlen,Titterrell,14,9,1987,mtitterrell9i@goo.ne.jp,131-955-6969
344,Tobye,Parmby,4,13,1985,tparmby9j@reference.com,538-566-5578
345,Amelie,Witson,3,0,1988,awitson9k@guardian.co.uk,921-349-0637
346,Scot,Antonomolii,11,1,1976,santonomolii9l@addthis.com,
347,Ev,Gomar,11,13,1978,egomar9m@pagesperso-orange.fr,746-175-1310
348,Kassi,Danilishin,14,8,1974,kdanilishin9n@mysql.com,261-537-6156
349,Janaya,Matignon,2,7,1981,jmatignon9o@umich.edu,497-210-4697
350,Skye,Ough,5,9,1986,sough9p@yahoo.com,367-889-6853
351,Karine,Orcott,14,28,1987,korcott9q@timesonline.co.uk,375-569-5716
352,Quentin,Naismith,13,18,1996,qnaismith9r@dedecms.com,
353,Kylila,Kaspar,0,7,1996,kkaspar9s@yahoo.com,504-438-9222
354,Floris,Siccombe,2,17,1989,fsiccombe9t@princeton.edu,216-228-3183
355,Marsha,Staddom,11,32,1988,mstaddom9u@rediff.com,345-753-8949
356,Cull,Storm,7,10,2000,cstorm9v@china.com.cn,334-706-8121
357,Gay,Vittet,10,18,1996,gvittet9w@state.gov,242-471-3284
358,Sigismondo,Woodsford,12,17,1979,swoodsford9x@disqus.com,885-306-7783
359,Bert,Camerello,14,16,1999,bcamerello9y@usgs.gov,841-181-5912
360,Massimo,Goshawk,17,7,2002,mgoshawk9z@1und1.de,713-470-8417
361,Ebeneser,Melpuss,11,17,1980,emelpussa0@addtoany.com,
362,Wylma,Presman,0,32,1987,wpresmana1@cornell.edu,490-871-1601
363,Jarvis,Dorkens,11,18,1986,jdorkensa2@usnews.com,561-871-6394
364,Lyndy,Absolon,4,19,1973,labsolona3@abc.net.au,704-520-4160
365,Zane,Boal,14,12,1987,zboala4@boston.com,245-879-8607
366,Sela,Towers,16,30,1981,stowersa5@blogger.com,509-661-5548
367,Guntar,Cowser,13,28,1993,gcowsera6@nih.gov,755-268-5269
368,Dorothy,Beevors,7,25,1973,dbeevorsa7@google.nl,299-154-2592
369,Kristy,Kampshell,4,24,1989,kkampshella8@theglobeandmail.com,707-515-4177
370,Hoyt,McCarle,9,5,1977,hmccarlea9@patch.com,706-684-9831
371,Brook,Whittet,14,26,1976,bwhittetaa@free.fr,289-953-6148
372,Binni,Cotterill,15,26,1993,bcotterillab@live.com,400-609-3587
373,Giustino,Streak,1,14,2001,gstreakac@craigslist.org,397-973-0983
374,Adah,Garvey,16,3,1995,agarveyad@ed.gov,340-788-9849
375,Wittie,Dundon,2,10,1980,wdundonae@wsj.com,541-656-3679
376,Amargo,MacGiolla Pheadair,3,0,1972,amacgiollapheadairaf@wunderground.com,365-633-9648
377,Ogdan,Bruckshaw,2,26,1980,obruckshawag@ucoz.ru,989-623-0820
378,Andros,Alcock,11,14,1971,aalcockah@godaddy.com,565-413-3686
379,Isa,Reddle,6,11,1988,ireddleai@cdc.gov,108-305-4335
380,Francyne,Martynikhin,10,12,1996,fmartynikhinaj@reverbnation.com,622-791-4210
381,Adrianne,Abramin,11,26,2000,aabraminak@umich.edu,945-651-1983
382,Amargo,Maywood,10,16,1975,amaywoodal@pbs.org,987-946-6164
383,Alverta,MacGregor,9,1,1993,amacgregoram@dedecms.com,140-988-5235
384,Belia,Oxlee,7,28,1973,boxleean@umich.edu,
385,Hilly,Schieferstein,2,4,2001,hschiefersteinao@dell.com,751-157-0414
386,Jerry,Lissett,15,25,1978,jlissettap@bloomberg.com,457-558-2137
387,Madlin,Stolle,8,17,1998,mstolleaq@cloudflare.com,638-919-1682
388,Merline,Janout,3,22,1976,mjanoutar@bing.com,207-875-1361
389,Dominique,Heamus,9,9,1988,dheamusas@oakley.com,147-942-6316
390,Donielle,Hunnywell,12,3,1976,dhunnywellat@webeden.co.uk,579-999-7507
391,Rutherford,Lufkin,0,27,1980,rlufkinau@washington.edu,665-970-6980
392,Buckie,Pagon,2,24,1983,bpagonav@wikia.com,817-128-1519
393,Dale,Goodday,7,22,1982,dgooddayaw@admin.ch,852-559-8459
394,Artemas,Guyon,10,19,2001,aguyonax@sourceforge.net,
395,Kelcy,Swanborrow,0,25,1973,kswanborroway@auda.org.au,489-541-2503
396,Cristionna,Mityashev,3,20,2000,cmityashevaz@domainmarket.com,
397,Dav,Bestwerthick,16,18,1989,dbestwerthickb0@4shared.com,961-639-5998
398,Brynna,Celier,17,28,1997,bcelierb1@edublogs.org,113-585-8950
399,Gretel,Stairmond,12,11,1983,gstairmondb2@clickbank.net,482-125-2726
400,Danie,Tucsell,17,21,1979,dtucsellb3@skype.com,534-164-8678
401,Fredericka,Kauschke,12,27,1993,fkauschkeb4@wikipedia.org,335-266-1704
402,Karie,Imlach,2,18,1998,kimlachb5@utexas.edu,742-545-1165
403,Ardelia,Castleman,2,18,2002,acastlemanb6@cbc.ca,258-227-9517
404,Belvia,Howlett,12,26,2001,bhowlettb7@ftc.gov,281-972-9178
405,Fay,Pierro,15,17,1981,fpierrob8@smh.com.au,914-495-0301
406,Emilia,Melbourn,2,0,1982,emelbournb9@about.me,248-520-8857
407,Johnette,Pennigar,5,14,1986,jpennigarba@yolasite.com,881-805-6887
408,Babette,Penman,5,11,1982,bpenmanbb@yellowbook.com,902-772-4556
409,Gerik,Strain,10,2,1985,gstrainbc@theglobeandmail.com,800-698-4923
410,Judy,Chislett,14,17,1977,jchislettbd@shareasale.com,942-814-4125
411,Nicolis,Conn,11,18,1989,nconnbe@mtv.com,544-546-3761
412,Laurence,Langwade,6,23,1991,llangwadebf@forbes.com,
413,Vivianna,Lashmar,2,18,1978,vlashmarbg@biblegateway.com,471-599-9815
414,Ilaire,Meins,2,1,1979,imeinsbh@123-reg.co.uk,830-858-3779
415,Anthe,Sket,5,23,1992,asketbi@gnu.org,924-140-5619
416,Debor,Madigan,16,22,1980,dmadiganbj@npr.org,406-448-4997
417,Louella,Dewen,8,15,1985,ldewenbk@taobao.com,982-721-8238
418,Evin,Biernat,8,0,1989,ebiernatbl@t-online.de,256-224-2936
419,Bertram,Vinton,13,17,1975,bvintonbm@dropbox.com,915-838-4685
420,Anett,Coda,10,4,1977,acodabn@edublogs.org,498-760-1364
421,Carney,Spratt,3,10,1971,csprattbo@ifeng.com,615-751-9642
422,Gerhard,Dyshart,3,27,1988,gdyshartbp@google.co.uk,340-560-0397
423,Madalena,Girardengo,11,9,1984,mgirardengobq@scientificamerican.com,708-164-7231
424,Janot,Ondrusek,8,5,1983,jondrusekbr@canalblog.com,667-998-3034
425,Shannah,Aindriu,15,11,1985,saindriubs@cornell.edu,188-646-9848
426,Izaak,Bolin,7,12,1991,ibolinbt@shutterfly.com,985-625-4195
427,Suzie,Considine,17,25,2001,sconsidinebu@wufoo.com,
428,Haroun,Fanton,13,2,1977,hfantonbv@virginia.edu,238-583-8776
429,Barbey,Halmkin,8,1,1972,bhalmkinbw@odnoklassniki.ru,619-606-9570
430,Maurits,Lambole,11,7,1996,mlambolebx@a8.net,
431,Aurea,Narraway,11,3,1993,anarrawayby@businesswire.com,204-800-5874
432,Jerrold,Blasoni,7,29,1988,jblasonibz@apache.org,763-795-1711
433,Jordain,Guttridge,9,4,1975,jguttridgec0@bizjournals.com,231-813-2837
434,Jephthah,Joskowicz,15,17,2001,jjoskowiczc1@technorati.com,996-800-1170
435,Marianna,Jiranek,5,5,1976,mjiranekc2@phpbb.com,229-702-3540
436,Wini,Boulton,16,16,1998,wboultonc3@pinterest.com,362-665-3057
437,Rasla,Amys,8,13,2001,ramysc4@sina.com.cn,933-326-6531
438,Lenore,Spatoni,12,22,1970,lspatonic5@nhs.uk,229-142-2623
439,Toni,Kimberly,5,15,1977,tkimberlyc6@bbb.org,813-615-7059
440,Wallie,Dunsmore,15,4,2000,wdunsmorec7@illinois.edu,
441,Skipton,Starsmore,0,21,1998,sstarsmorec8@multiply.com,824-579-2189
442,Monte,Benjafield,16,9,1975,mbenjafieldc9@meetup.com,954-518-3162
443,Lona,Tellenbrook,9,7,1984,ltellenbrookca@theatlantic.com,335-607-0404
444,Eziechiele,Arent,12,8,1987,earentcb@tiny.cc,181-298-9532
445,Mischa,MacAlinden,6,20,1983,mmacalindencc@networkadvertising.org,415-925-4234
446,Bentley,Courtliff,16,15,1997,bcourtliffcd@altervista.org,554-298-3993
447,Veradis,Salmen,15,12,1985,vsalmence@t.co,719-276-9389
448,Annabel,Northeast,9,21,1987,anortheastcf@springer.com,358-187-3305
449,Mia,Gorini,14,31,1981,mgorinicg@cdc.gov,446-109-2126
450,Merlina,Ronaldson,11,6,1974,mronaldsonch@eventbrite.com,
451,Taber,Carbett,1,23,1972,tcarbettci@tinyurl.com,746-928-2091
452,Loraine,Crapper,0,13,1978,lcrappercj@list-manage.com,656-586-8700
453,Andy,MacGruer,12,17,1979,amacgruerck@google.co.jp,244-706-1273
454,Ralina,Kennefick,16,21,1970,rkennefickcl@google.com,431-836-5240
455,Larissa,Viner,16,0,1979,lvinercm@senate.gov,115-600-2805
456,Luella,Ciobotaru,2,24,1970,lciobotarucn@google.com.hk,464-785-1703
457,Waldon,Chorley,16,1,1974,wchorleyco@foxnews.com,468-626-6868
458,Samson,Downham,13,11,1973,sdownhamcp@samsung.com,213-587-8196
459,Ardis,Gillison,13,14,1986,agillisoncq@statcounter.com,104-807-0895
460,Gaelan,Hasnip,17,9,1983,ghasnipcr@theglobeandmail.com,262-633-0193
461,Chiarra,Shovelin,2,32,1972,cshovelincs@webs.com,588-326-5046
462,Kameko,Rockell,0,22,1979,krockellct@smh.com.au,625-521-3355
463,Constance,Secker,1,2,1977,cseckercu@exblog.jp,899-970-6188
464,Marcelia,Grealish,8,2,1974,mgrealishcv@webeden.co.uk,415-109-4093
465,Shelagh,Domengue,14,7,1971,sdomenguecw@ihg.com,908-111-9376
466,Dawna,Byrd,14,26,1974,dbyrdcx@moonfruit.com,999-553-4131
467,Betteanne,Greader,2,27,1970,bgreadercy@newsvine.com,107-568-6227
468,Ely,Elmore,14,8,1989,eelmorecz@time.com,
469,Virge,Bummfrey,6,2,1992,vbummfreyd0@infoseek.co.jp,
470,Mohammed,Clubley,4,5,1986,mclubleyd1@live.com,148-194-0492
471,Isidoro,Liccardi,16,18,1986,iliccardid2@biblegateway.com,676-543-8250
472,Ruy,Seedman,8,23,1998,rseedmand3@nps.gov,906-184-6700
473,Leesa,Sargant,16,13,2001,lsargantd4@list-manage.com,292-844-1915
474,Colin,Martins,14,29,1972,cmartinsd5@bbb.org,318-252-6870
475,Athena,Olner,14,24,2002,aolnerd6@kickstarter.com,239-260-4915
476,Terrell,Foale,6,4,1991,tfoaled7@blogtalkradio.com,100-480-2537
477,Homerus,Rasher,7,23,1994,hrasherd8@biglobe.ne.jp,339-351-2988
478,Artur,Czyz,17,10,1993,aczyzd9@irs.gov,651-193-5330
479,Jarred,Goldster,17,3,1996,jgoldsterda@a8.net,999-893-4476
480,Kellie,Fidian,1,10,1977,kfidiandb@scientificamerican.com,230-909-9989
481,Chet,Cape,17,23,1976,ccapedc@goodreads.com,396-596-5529
482,Susan,Schuler,10,19,1981,sschulerdd@bloomberg.com,152-337-1856
483,Bab,Lesly,9,7,1999,bleslyde@icq.com,931-587-8577
484,Carmelina,Blaskett,9,20,2002,cblaskettdf@ted.com,642-130-7145
485,Shaughn,Stinchcombe,1,30,1991,sstinchcombedg@fastcompany.com,649-487-6873
486,Culver,Morot,5,26,2002,cmorotdh@xrea.com,237-400-9296
487,Humfrid,Pollack,2,1,1974,hpollackdi@hibu.com,859-724-7839
488,Culley,Jackett,17,9,1979,cjackettdj@wufoo.com,921-236-5336
489,Monro,Tarn,5,31,1996,mtarndk@indiegogo.com,655-700-9130
490,Tracie,O'Hannen,10,9,1988,tohannendl@gov.uk,201-775-7579
491,Jaclyn,Pepall,13,0,1995,jpepalldm@zimbio.com,662-198-4362
492,Gayle,Dongall,16,20,1997,gdongalldn@fotki.com,962-212-1003
493,Frederigo,Rizzardi,2,15,1982,frizzardido@goodreads.com,888-638-6810
494,Magdalen,de Quesne,9,9,1971,mdequesnedp@cam.ac.uk,812-302-0400
495,Rem,Neller,14,5,1980,rnellerdq@globo.com,533-718-6139
496,Cassi,Lindenblatt,16,17,1970,clindenblattdr@google.com.au,581-193-8678
497,Tildie,Kevis,5,27,1998,tkevisds@addtoany.com,894-695-6040
498,Rebecca,Tayler,17,3,1993,rtaylerdt@va.gov,854-295-4657
499,Nathanial,Stanistreet,6,13,1985,nstanistreetdu@pbs.org,865-655-2359
500,Garfield,Kamien,3,20,1989,gkamiendv@twitpic.com,369-635-1740
501,Dolly,Stille,9,26,1977,dstilledw@furl.net,937-688-8465
502,Darla,Hanford,3,9,1973,dhanforddx@squarespace.com,371-386-1934
503,Jayne,Blackhall,5,19,2002,jblackhalldy@sogou.com,861-908-9936
504,Adorne,Bauer,11,31,1976,abauerdz@techcrunch.com,579-822-5578
505,Timmi,Lyste,16,32,1981,tlystee0@shinystat.com,507-847-0729
506,Brittani,Coils,4,1,1974,bcoilse1@cnet.com,677-642-3645
507,Cariotta,Wilmott,7,13,1982,cwilmotte2@friendfeed.com,374-756-8764
508,Stavros,Nattrass,6,9,1978,snattrasse3@cpanel.net,682-944-4812
509,Kaiser,Rubinivitz,5,16,1974,krubinivitze4@mail.ru,275-307-1764
510,Jan,Ruf,14,11,1972,jrufe5@biblegateway.com,989-913-8951
511,Sinclare,Peyes,6,2,1981,speyese6@phoca.cz,609-637-1908
512,Andrey,Padson,7,13,1990,apadsone7@tinyurl.com,914-453-8804
513,Rozalin,Pulster,2,31,1988,rpulstere8@blogger.com,298-951-8790
514,Leia,Borel,13,17,1981,lborele9@hostgator.com,253-316-6373
515,Adan,Partner,5,15,1994,apartnerea@sfgate.com,823-319-2713
516,Zedekiah,Smeed,15,22,1986,zsmeedeb@discovery.com,560-341-3516
517,Grant,Cheake,3,16,1993,gcheakeec@unesco.org,306-558-0709
518,Kalila,Stanway,4,24,1986,kstanwayed@joomla.org,670-389-9585
519,Jerry,Wolvey,1,15,1982,jwolveyee@nbcnews.com,597-859-0518
520,Inglebert,Tomaszewicz,4,14,1997,itomaszewiczef@google.ca,374-673-9773
521,Aldon,Raitie,14,2,1969,araitieeg@wisc.edu,219-257-9845
522,Floyd,MacNeilage,9,4,1990,fmacneilageeh@delicious.com,564-771-9494
523,Ahmed,Ebsworth,9,6,1990,aebsworthei@imageshack.us,697-631-9652
524,Trescha,Ilyukhov,4,0,1991,tilyukhovej@loc.gov,896-469-5013
525,Sasha,Stodit,8,26,1972,sstoditek@usatoday.com,854-981-1841
526,Abel,Nattriss,12,27,2001,anattrissel@sphinn.com,782-542-8771
527,Alric,Britt,16,5,1984,abrittem@home.pl,252-131-5352
528,Herb,Osmint,3,32,2001,hosminten@sina.com.cn,680-779-0054
529,Gradey,McFadden,11,22,1986,gmcfaddeneo@histats.com,155-528-1462
530,Faustine,Canter,10,18,1997,fcanterep@seesaa.net,136-182-5154
531,Sandor,Lockwood,13,16,1983,slockwoodeq@economist.com,667-661-5300
532,Sibilla,Tovey,9,5,1979,stoveyer@weebly.com,519-587-7921
533,Natassia,Ubee,2,15,1976,nubeees@delicious.com,221-426-7206
534,Barbe,Aronowicz,14,22,1986,baronowiczet@theatlantic.com,132-544-0774
535,Chaddie,Heggadon,17,25,2002,cheggadoneu@scientificamerican.com,974-873-4937
536,Paolina,Boagey,5,6,1984,pboageyev@china.com.cn,329-554-3717
537,Gleda,Hamnett,8,20,1972,ghamnettew@berkeley.edu,784-770-5894
538,Leeann,Tender,7,6,1975,ltenderex@pen.io,306-775-2858
539,Trisha,Wellman,6,7,1986,twellmaney@g.co,601-370-7061
540,Rudolfo,Gorries,8,4,1990,rgorriesez@hhs.gov,114-871-4966
541,Giovanni,Woollam,7,30,1999,gwoollamf0@desdev.cn,797-822-6960
542,Tirrell,O' Mullane,4,6,1996,tomullanef1@vinaora.com,
543,Ardyce,Bresland,4,19,1986,abreslandf2@behance.net,789-315-2455
544,Baxy,MacArd,13,20,1982,bmacardf3@prnewswire.com,809-695-6401
545,Laure,Gorling,0,27,1992,lgorlingf4@desdev.cn,524-612-3796
546,Halli,Leggate,16,5,1985,hleggatef5@t-online.de,223-924-1842
547,Conrado,Straine,6,26,1981,cstrainef6@flickr.com,384-359-8842
548,Lorelle,Trow,6,25,1969,ltrowf7@biblegateway.com,463-773-5686
549,Lenka,Padginton,11,22,1979,lpadgintonf8@rambler.ru,390-253-5217
550,Bret,Cheake,11,14,1988,bcheakef9@ebay.com,482-848-2615
551,Ava,Coltherd,15,25,2000,acoltherdfa@about.com,221-592-1233
552,Verne,Syalvester,17,6,2002,vsyalvesterfb@cam.ac.uk,242-124-7852
553,Shannen,Wedge,6,18,1985,swedgefc@google.co.jp,511-101-0238
554,Fabiano,Furlong,16,8,1985,ffurlongfd@amazon.com,595-420-8431
555,Michel,Nutten,5,16,1997,mnuttenfe@wiley.com,210-924-8025
556,Wrennie,Bracknell,6,25,1977,wbracknellff@over-blog.com,214-363-8873
557,Kali,Roose,2,8,1978,kroosefg@parallels.com,183-156-6282
558,Adlai,Bruhnicke,15,6,1983,abruhnickefh@washington.edu,201-214-4824
559,Ansell,McIlwraith,14,18,2002,amcilwraithfi@addthis.com,583-967-0724
560,Hillel,Gibby,12,30,1999,hgibbyfj@google.fr,346-348-7923
561,Dael,Fincher,1,30,1972,dfincherfk@clickbank.net,159-844-0206
562,Luis,McGeneay,10,25,1983,lmcgeneayfl@timesonline.co.uk,442-787-6518
563,Rosalie,Dourin,11,22,1970,rdourinfm@shareasale.com,848-336-7100
564,Kennedy,Piddick,16,3,1973,kpiddickfn@usgs.gov,668-854-7431
565,Cynthie,O'Fielly,7,18,1979,cofiellyfo@reuters.com,
566,May,Bloschke,2,18,1989,mbloschkefp@ebay.co.uk,861-267-5604
567,Flossie,Blunden,3,23,2001,fblundenfq@ycombinator.com,758-509-0111
568,Angus,Coopland,11,26,1996,acooplandfr@harvard.edu,199-835-0101
569,Sergeant,Coleiro,6,20,1988,scoleirofs@epa.gov,
570,Cristiano,Rapson,2,27,1981,crapsonft@about.me,783-163-6506
571,Roxana,Prior,7,26,1977,rpriorfu@ucsd.edu,605-666-1864
572,Justin,Dennitts,2,32,1975,jdennittsfv@huffingtonpost.com,205-705-2667
573,Avrit,Paternoster,15,18,1971,apaternosterfw@dell.com,722-376-3561
574,Baxy,Brightman,15,23,1989,bbrightmanfx@bbb.org,763-700-5158
575,Sim,Bullin,17,15,1977,sbullinfy@squarespace.com,982-267-3552
576,Arnie,Withrop,10,24,1992,awithropfz@woothemes.com,157-229-2577
577,Emera,Henzer,2,17,1996,ehenzerg0@privacy.gov.au,
578,Tiffy,Ciccetti,0,26,1979,tciccettig1@slideshare.net,
579,Zita,Anning,3,25,1977,zanningg2@harvard.edu,298-391-1259
580,Teddy,Braker,5,1,1997,tbrakerg3@hatena.ne.jp,245-736-0550
581,Genovera,Jendas,10,14,1971,gjendasg4@vistaprint.com,735-451-8787
582,Charil,Flook,12,24,1973,cflookg5@admin.ch,642-307-2122
583,Jerald,Whitlam,9,17,1998,jwhitlamg6@nhs.uk,900-917-9824
584,Carmela,Zorzin,10,10,1988,czorzing7@msn.com,914-555-8791
585,Aleda,Waine,8,0,1990,awaineg8@linkedin.com,839-171-1839
586,Agatha,Watkiss,13,18,1974,awatkissg9@springer.com,153-332-9545
587,Marwin,Le feaver,17,28,1989,mlefeaverga@jugem.jp,633-566-9283
588,Reinold,Stanworth,3,12,1975,rstanworthgb@state.tx.us,620-999-2487
589,Lyon,Redfearn,6,11,2001,lredfearngc@uiuc.edu,888-183-1369
590,Mab,Setford,4,8,1988,msetfordgd@discuz.net,790-119-0635
591,Petronille,Sisse,13,30,2000,psissege@storify.com,
592,Perry,Simonich,13,27,1988,psimonichgf@sciencedirect.com,931-527-9784
593,Kippar,Langland,7,30,1987,klanglandgg@ask.com,347-977-2759
594,Lonni,Deerness,6,23,1995,ldeernessgh@dailymail.co.uk,367-360-0998
595,Odella,Kearn,16,29,1985,okearngi@oaic.gov.au,713-674-5530
596,Tess,Fusco,10,28,1993,tfuscogj@nymag.com,387-255-5192
597,Herbie,Kaiser,11,24,1989,hkaisergk@people.com.cn,
598,Maury,Bayless,4,31,1988,mbaylessgl@instagram.com,
599,Town,Ivanyukov,2,8,2000,tivanyukovgm@guardian.co.uk,270-125-5519
600,Zechariah,Hefner,10,9,1988,zhefnergn@prweb.com,611-309-8494
601,Lamont,Frear,1,4,1974,lfreargo@cafepress.com,799-830-2692
602,Kailey,Waby,6,26,1976,kwabygp@timesonline.co.uk,530-580-3985
603,Willow,Shout,12,16,1985,wshoutgq@discuz.net,647-377-4732
604,Gusti,Beevis,3,8,1982,gbeevisgr@devhub.com,193-576-8985
605,Chrissy,Gilbanks,8,3,2002,cgilbanksgs@dropbox.com,537-674-8075
606,Lucho,Detheridge,5,13,1999,ldetheridgegt@cbsnews.com,793-485-0961
607,Pyotr,Keelinge,2,24,1996,pkeelingegu@facebook.com,266-430-0941
608,Rochelle,Worms,9,25,1988,rwormsgv@tuttocitta.it,828-202-2621
609,Pepe,Yanez,14,5,1978,pyanezgw@cocolog-nifty.com,690-290-2427
610,Lucienne,Pudsey,0,13,1989,lpudseygx@paypal.com,130-426-4863
611,Sharla,Rickeard,16,0,1994,srickeardgy@webs.com,204-303-3886
612,Ailene,Wilde,14,22,2001,awildegz@pbs.org,594-789-0014
613,Manuel,Wevell,7,26,1993,mwevellh0@theatlantic.com,705-979-5020
614,Baxie,Goodday,9,8,1984,bgooddayh1@imgur.com,399-567-8131
615,Rubin,Mytton,3,29,1985,rmyttonh2@cbsnews.com,983-292-4841
616,Daria,Grane,17,0,1973,dgraneh3@squidoo.com,690-366-9163
617,Kalli,Marchand,12,31,1982,kmarchandh4@japanpost.jp,971-741-8244
618,Delcine,Costley,4,6,1989,dcostleyh5@joomla.org,475-429-1950
619,Pamelina,Monahan,10,31,1984,pmonahanh6@hugedomains.com,453-861-6015
620,Ursa,Arsey,5,24,1972,uarseyh7@furl.net,723-976-1945
621,Haslett,Innerstone,17,27,1972,hinnerstoneh8@youku.com,315-770-9599
622,De,MacDuff,9,25,1972,dmacduffh9@twitter.com,646-578-2735
623,Gayel,Father,9,8,1976,gfatherha@goodreads.com,283-173-1712
624,Klarrisa,Oatley,11,4,2001,koatleyhb@va.gov,190-692-9439
625,Hildagarde,Reboul,12,20,1990,hreboulhc@opensource.org,956-357-4237
626,Carlynn,Hammerberg,10,31,1998,chammerberghd@behance.net,191-171-9408
627,Dolores,Rundle,7,5,1988,drundlehe@geocities.com,677-585-9165
628,Martelle,Jankin,8,20,1991,mjankinhf@ucla.edu,824-444-7749
629,Gawen,Torre,4,8,1985,gtorrehg@vimeo.com,461-618-7040
630,Fedora,Mayer,16,26,1990,fmayerhh@tmall.com,921-289-7030
631,Lissy,Mattingley,4,0,1990,lmattingleyhi@google.it,931-740-8943
632,Bentlee,Hearse,8,1,1976,bhearsehj@unicef.org,504-318-8434
633,Rowland,Mulqueen,17,30,1999,rmulqueenhk@digg.com,621-634-8199
634,Gaspar,Jimmison,0,17,1991,gjimmisonhl@usnews.com,415-769-0719
635,Early,Shurrocks,14,0,1980,eshurrockshm@blinklist.com,544-333-1291
636,Veronika,Chesshire,11,12,1991,vchesshirehn@rambler.ru,225-255-6537
637,Diego,Burns,2,20,1970,dburnsho@youtu.be,314-266-3919
638,Cly,Conti,1,17,1994,ccontihp@bloomberg.com,400-960-3977
639,Godard,Kirsz,14,13,1992,gkirszhq@cargocollective.com,377-357-2299
640,Jamil,Corzon,15,9,1978,jcorzonhr@joomla.org,324-822-2796
641,Renee,Loidl,16,0,1994,rloidlhs@spotify.com,461-286-0667
642,Addie,Albury,8,31,1994,aalburyht@issuu.com,507-625-2149
643,Merola,Martinson,12,2,1998,mmartinsonhu@addtoany.com,
644,Claybourne,Ivanishev,8,30,1997,civanishevhv@jiathis.com,291-620-3049
645,Demetri,Sleford,3,20,2001,dslefordhw@miibeian.gov.cn,360-454-7123
646,Pearl,Gordon-Giles,7,27,1983,pgordongileshx@businessinsider.com,538-711-4646
647,Skippy,Loughead,7,18,1984,slougheadhy@soup.io,257-201-3486
648,Dara,Dowsett,0,24,1990,ddowsetthz@ed.gov,224-801-9621
649,Jillana,Guichard,0,26,1999,jguichardi0@a8.net,807-165-2979
650,Tymothy,Clayborn,12,28,1991,tclayborni1@tmall.com,910-612-1063
651,Dwayne,Mucklo,16,25,1986,dmuckloi2@engadget.com,953-240-5733
652,Aguie,Feilden,15,7,1997,afeildeni3@typepad.com,349-755-3498
653,Zelda,Neary,4,30,1987,znearyi4@soup.io,992-278-9954
654,Lenore,Vinnick,15,24,1969,lvinnicki5@ask.com,230-416-1387
655,Kellen,Crosher,5,9,1996,kcrosheri6@dailymotion.com,569-416-3455
656,Melania,Humphery,6,23,2000,mhumpheryi7@furl.net,988-617-0629
657,Laurens,Disdel,3,28,1990,ldisdeli8@shop-pro.jp,834-943-8495
658,Jannel,Tokley,2,1,1975,jtokleyi9@xing.com,485-663-9805
659,Tamarah,Denyer,13,20,1999,tdenyeria@reference.com,253-171-5383
660,Collie,Goalby,4,31,1993,cgoalbyib@mail.ru,670-757-6438
661,Lewie,Calcutt,8,28,1998,lcalcuttic@shareasale.com,848-586-6872
662,Seumas,Kroon,9,4,1999,skroonid@gov.uk,808-575-5370
663,Celie,Blowfelde,15,1,1986,cblowfeldeie@yellowbook.com,216-486-8179
664,Mack,Immins,0,3,1988,mimminsif@is.gd,727-479-0682
665,Zachariah,Abbay,11,21,1976,zabbayig@dedecms.com,530-689-9538
666,Ermin,Ciccottio,2,27,1988,eciccottioih@instagram.com,438-121-1822
667,Jessamine,Manley,5,9,2000,jmanleyii@loc.gov,951-331-0737
668,Gladys,Flear,7,14,1970,gflearij@ucoz.com,
669,Ellwood,Farden,0,29,1983,efardenik@epa.gov,182-737-1904
670,Karrie,Alyutin,8,5,1972,kalyutinil@tumblr.com,986-679-2880
671,Ellis,Yashnov,1,13,1969,eyashnovim@shareasale.com,804-105-0717
672,Ave,Sheriff,7,18,1986,asheriffin@engadget.com,712-495-3160
673,Thoma,Dunderdale,3,13,1982,tdunderdaleio@kickstarter.com,495-313-3783
674,Luis,Summerly,3,12,2001,lsummerlyip@unicef.org,125-284-1532
675,Lind,Elvey,7,5,1994,lelveyiq@people.com.cn,405-886-1654
676,Claudie,Lagen,2,30,1980,clagenir@biblegateway.com,299-320-3686
677,Hugues,Colrein,16,20,1971,hcolreinis@elegantthemes.com,985-184-8637
678,Adrea,de Juares,15,10,1990,adejuaresit@washingtonpost.com,924-384-2784
679,Jerrylee,Eatherton,6,16,1985,jeathertoniu@adobe.com,557-291-5542
680,Wallie,Warlaw,9,12,1995,wwarlawiv@pinterest.com,872-230-9258
681,Deborah,Haly,17,20,2001,dhalyiw@ftc.gov,
682,Kerry,Railton,8,24,1974,krailtonix@feedburner.com,131-990-0035
683,Kissie,Farmar,11,12,1996,kfarmariy@patch.com,871-505-1851
684,Eartha,Axelbey,15,2,1989,eaxelbeyiz@uiuc.edu,428-506-2647
685,Selle,Chopy,7,4,1977,schopyj0@illinois.edu,944-528-9565
686,Ginger,Lighten,16,18,1980,glightenj1@pinterest.com,334-514-0953
687,Lorant,Tooby,13,7,1972,ltoobyj2@myspace.com,270-421-4727
688,Levi,Saggs,10,27,1983,lsaggsj3@dion.ne.jp,780-777-1647
689,Deborah,Whear,10,28,1975,dwhearj4@ucsd.edu,
690,Antonella,Sempill,3,23,1976,asempillj5@arizona.edu,166-412-2210
691,Roshelle,Yuryaev,4,31,1995,ryuryaevj6@skyrock.com,820-802-5563
692,Maegan,Mackinder,5,29,1983,mmackinderj7@360.cn,449-741-2301
693,Kleon,Houlridge,14,6,2000,khoulridgej8@feedburner.com,298-347-3207
694,Noby,Samsworth,8,22,1992,nsamsworthj9@unesco.org,112-977-6590
695,Sergio,Sturge,3,12,1998,ssturgeja@google.co.uk,559-910-5590
696,Kaylil,Cathro,2,19,1989,kcathrojb@google.ru,575-225-5800
697,Corrianne,Whatley,9,21,1970,cwhatleyjc@behance.net,386-961-4352
698,Jock,Durkin,5,14,1978,jdurkinjd@theatlantic.com,833-260-8682
699,Ernie,Nosworthy,8,3,1991,enosworthyje@51.la,602-324-7403
700,Hatti,Devenport,16,30,1979,hdevenportjf@qq.com,
701,Gunter,Gwilt,4,27,1991,ggwiltjg@mapy.cz,680-551-6010
702,Allyn,Kleinpeltz,7,7,1981,akleinpeltzjh@zimbio.com,716-423-9105
703,Natalee,Conti,17,1,1978,ncontiji@desdev.cn,883-571-1005
704,Harrison,Duligall,13,28,1976,hduligalljj@jiathis.com,473-811-0365
705,Walker,Tourle,13,13,1986,wtourlejk@mac.com,236-384-5319
706,Joellyn,McInnes,10,23,1981,jmcinnesjl@mysql.com,832-389-8936
707,Nolie,Peasegood,8,31,2002,npeasegoodjm@mediafire.com,969-232-5182
708,Vyky,Addionizio,15,15,1982,vaddioniziojn@mlb.com,491-553-4330
709,Bowie,Stummeyer,4,32,1972,bstummeyerjo@pcworld.com,304-441-1567
710,Brion,Pourveer,14,23,1975,bpourveerjp@goo.gl,275-369-7014
711,Kory,Ruf,13,2,1986,krufjq@furl.net,330-396-3321
712,Thor,Clarridge,5,24,1983,tclarridgejr@chron.com,883-814-8213
713,Novelia,Daunter,14,17,1988,ndaunterjs@globo.com,870-704-5788
714,Ernestine,Hortop,4,10,2002,ehortopjt@blogtalkradio.com,421-423-9298
715,Venus,Hollerin,8,9,2000,vhollerinju@businesswire.com,983-440-0986
716,Ania,Alred,5,14,1998,aalredjv@wufoo.com,926-370-2727
717,Stormi,Strudwick,8,6,1969,sstrudwickjw@aol.com,545-822-8989
718,Abigael,Halsho,0,17,1982,ahalshojx@soundcloud.com,280-243-7404
719,Drucie,Livingstone,2,1,1974,dlivingstonejy@tripod.com,261-356-1388
720,Maurine,Amis,7,16,1972,mamisjz@qq.com,809-292-2347
721,Jessalin,Potts,8,28,1986,jpottsk0@whitehouse.gov,671-220-6829
722,Oralee,McCullogh,9,22,1993,omcculloghk1@usa.gov,371-301-7538
723,Faun,Janczak,8,6,1969,fjanczakk2@friendfeed.com,454-248-6261
724,Gannon,Tollit,1,7,1973,gtollitk3@smh.com.au,849-962-0772
725,Stavros,Igoe,2,19,1984,sigoek4@ucoz.ru,902-892-5765
726,Delaney,Garrit,17,7,1995,dgarritk5@narod.ru,442-922-7169
727,Tana,Itzkin,4,21,1981,titzkink6@last.fm,432-356-8299
728,Dore,Medlicott,9,3,1988,dmedlicottk7@theatlantic.com,908-846-7340
729,Sella,Obell,8,14,1973,sobellk8@webmd.com,151-450-2416
730,Clarie,Garton,14,30,1990,cgartonk9@opensource.org,442-191-9920
731,Maggie,Murthwaite,17,18,1990,mmurthwaiteka@fema.gov,983-800-5074
732,Carie,Sussems,9,4,1988,csussemskb@redcross.org,967-872-8501
733,Nevile,Harlin,15,12,1969,nharlinkc@ihg.com,
734,Steffen,Narramore,8,29,1996,snarramorekd@about.me,261-911-1442
735,Wendy,Featherstonhaugh,3,18,1999,wfeatherstonhaughke@psu.edu,209-314-9929
736,Ingeberg,Wrought,8,24,1976,iwroughtkf@jalbum.net,441-740-3329
737,Augusta,Posse,8,29,1977,apossekg@intel.com,746-928-8650
738,Ranique,Lazell,17,18,1999,rlazellkh@wix.com,
739,Niall,Mews,15,13,1994,nmewski@uol.com.br,941-175-2455
740,Baily,Aykroyd,6,15,1971,baykroydkj@telegraph.co.uk,311-404-5837
741,Bianca,Mulroy,12,6,1988,bmulroykk@arstechnica.com,842-844-5500
742,Fiorenze,Kenforth,7,20,1984,fkenforthkl@yahoo.co.jp,205-653-1698
743,Brier,Cavey,15,8,1999,bcaveykm@angelfire.com,755-647-2661
744,Wood,Elijah,3,31,1978,welijahkn@vimeo.com,630-823-9342
745,Dun,Sweetland,7,28,1971,dsweetlandko@merriam-webster.com,729-764-6913
746,Terrel,Fores,8,8,1997,tforeskp@linkedin.com,470-601-0140
747,Garreth,Blick,9,1,1969,gblickkq@engadget.com,359-621-6925
748,Mick,Foan,3,17,1998,mfoankr@lycos.com,225-748-2534
749,Addy,Cleynman,8,26,1974,acleynmanks@sourceforge.net,606-321-4066
750,Kizzie,Humbee,5,0,1978,khumbeekt@is.gd,312-738-9395
751,Christal,McGrail,8,27,1977,cmcgrailku@cbc.ca,704-301-9380
752,Chicky,Sich,2,24,1970,csichkv@shareasale.com,993-175-9489
753,Alta,Stride,3,2,1996,astridekw@devhub.com,226-296-7880
754,Priscella,Stanlike,13,2,1975,pstanlikekx@statcounter.com,187-351-6254
755,Hallie,Alltimes,17,9,1997,halltimesky@springer.com,369-937-7370
756,Waldo,Bilofsky,15,18,1976,wbilofskykz@ucla.edu,445-380-9491
757,Florri,Creasy,5,28,1982,fcreasyl0@businessinsider.com,956-206-8251
758,Devy,Krysztofowicz,12,11,1986,dkrysztofowiczl1@barnesandnoble.com,159-682-1776
759,Baillie,Rimbault,2,29,1972,brimbaultl2@mozilla.org,871-720-2118
760,Stephani,Wilshere,7,25,1987,swilsherel3@cbslocal.com,789-542-6730
761,Eldon,Derdes,14,23,1993,ederdesl4@irs.gov,392-178-4967
762,Gertruda,Elles,6,20,1980,gellesl5@themeforest.net,872-904-0819
763,Suzette,Churching,10,5,1970,schurchingl6@list-manage.com,778-741-0911
764,Gerrilee,Yourell,9,17,1993,gyourelll7@spiegel.de,979-523-7785
765,Annnora,Sowle,11,13,2002,asowlel8@harvard.edu,504-188-5475
766,Farr,Vose,1,24,1985,fvosel9@mayoclinic.com,837-690-4964
767,Korrie,Shingles,8,30,2000,kshinglesla@google.com.au,345-626-4748
768,Gradey,Moulton,9,32,1992,gmoultonlb@vinaora.com,809-130-8843
769,Torrin,McNalley,6,26,1993,tmcnalleylc@illinois.edu,
770,Jessa,Scorton,5,9,1978,jscortonld@facebook.com,118-498-4037
771,Mia,Rickertsen,10,28,1978,mrickertsenle@fema.gov,247-885-0526
772,Lola,Feldheim,9,21,1983,lfeldheimlf@altervista.org,357-212-7904
773,Audie,Hensmans,0,16,1991,ahensmanslg@sciencedaily.com,180-226-2191
774,Eamon,Helm,15,8,1991,ehelmlh@ehow.com,784-808-1462
775,Langsdon,Niessen,4,28,1976,lniessenli@scientificamerican.com,801-685-7751
776,Sinclare,Buckthorpe,14,17,1980,sbuckthorpelj@facebook.com,539-978-3334
777,Edwina,Blackley,3,6,1990,eblackleylk@imdb.com,380-205-1324
778,Kinnie,Flucker,16,28,1973,kfluckerll@last.fm,
779,Malena,Bendelow,14,15,1982,mbendelowlm@imdb.com,545-777-6238
780,Del,Lowres,17,28,1971,dlowresln@wix.com,870-965-5749
781,Renaldo,Boston,6,27,1985,rbostonlo@house.gov,266-295-7319
782,Obie,Rodder,1,25,1997,orodderlp@census.gov,874-910-6199
783,Gery,Faunt,5,0,1983,gfauntlq@webnode.com,880-584-1891
784,Chas,Slessar,2,28,1987,cslessarlr@technorati.com,487-905-4619
785,Olly,Domini,3,4,1990,odominils@utexas.edu,626-916-5954
786,Markos,Maasze,6,22,1976,mmaaszelt@paginegialle.it,561-189-8113
787,Vally,Venn,11,3,1973,vvennlu@slideshare.net,722-696-8070
788,Shae,Bruyntjes,14,24,1973,sbruyntjeslv@businessweek.com,974-323-7410
789,Annalise,Ayscough,11,26,1982,aayscoughlw@liveinternet.ru,448-374-0940
790,Torie,Corry,16,14,1974,tcorrylx@cafepress.com,752-306-7154
791,Hussein,Croneen,3,18,1985,hcroneenly@state.tx.us,906-950-8928
792,Conney,Aloshechkin,15,16,1981,caloshechkinlz@yellowbook.com,
793,Karlie,Mazey,16,29,1972,kmazeym0@bloomberg.com,442-884-4494
794,Kalle,Clinch,11,1,1988,kclinchm1@wikia.com,572-133-3415
795,Ximenez,Vasyukov,3,2,1972,xvasyukovm2@yale.edu,198-856-2003
796,Nanci,Puddefoot,0,3,1970,npuddefootm3@hubpages.com,525-351-0576
797,Lindsey,Whieldon,12,10,1982,lwhieldonm4@google.com.au,918-640-9749
798,Orrin,Dowker,13,3,1977,odowkerm5@ed.gov,112-654-6906
799,Carolann,Mecozzi,0,11,1972,cmecozzim6@shop-pro.jp,521-980-4324
800,Angy,Trasler,12,15,1974,atraslerm7@shareasale.com,
801,Hugibert,Peascod,0,3,1993,hpeascodm8@hhs.gov,326-280-5694
802,Minny,Sumpter,5,27,1970,msumpterm9@blinklist.com,135-163-5374
803,Verne,Gerauld,10,7,1985,vgerauldma@geocities.com,780-680-7610
804,Kelsey,McSporon,9,17,1989,kmcsporonmb@posterous.com,797-879-4320
805,Hilly,Speirs,9,2,1986,hspeirsmc@bloglines.com,298-619-7345
806,Audry,Harcombe,17,22,1998,aharcombemd@goo.ne.jp,
807,Kalindi,Keely,6,32,1976,kkeelyme@hao123.com,551-981-6069
808,Ewart,Kneath,8,14,1990,ekneathmf@twitter.com,929-469-6319
809,Tobey,Mundee,12,26,2000,tmundeemg@npr.org,576-480-7249
810,Charlotte,Durrant,9,18,1978,cdurrantmh@amazonaws.com,154-709-5727
811,Alford,Thoms,2,13,1995,athomsmi@comsenz.com,970-876-0293
812,Tiebold,McIlveen,8,18,1985,tmcilveenmj@chronoengine.com,
813,Valle,Mattek,0,20,1986,vmattekmk@unblog.fr,955-434-4231
814,Delaney,Duinbleton,0,4,1983,dduinbletonml@soup.io,440-829-6269
815,Milton,Ambrogelli,4,23,1987,mambrogellimm@phoca.cz,830-590-9382
816,Kirbee,Wyatt,6,12,1988,kwyattmn@technorati.com,199-871-1097
817,Abbye,Bellay,7,13,1975,abellaymo@amazon.de,633-124-6193
818,Daisey,Jurczak,7,6,1993,djurczakmp@archive.org,160-288-7036
819,Ricardo,Longmuir,12,28,1972,rlongmuirmq@topsy.com,939-914-0562
820,Talyah,Seres,17,14,1974,tseresmr@berkeley.edu,881-641-0969
821,Barbie,Ghidetti,15,2,1970,bghidettims@arizona.edu,703-277-0940
822,Davin,Aaronson,6,28,1981,daaronsonmt@last.fm,744-642-8430
823,Kit,Bolsover,12,6,1982,kbolsovermu@nyu.edu,496-819-4045
824,Deonne,Potkins,7,13,1977,dpotkinsmv@stanford.edu,196-915-5709
825,Kristoforo,Schutt,4,23,1969,kschuttmw@shutterfly.com,132-757-2041
826,Roosevelt,Soldi,5,28,1974,rsoldimx@weather.com,115-726-0340
827,Ode,Stoffler,5,16,1997,ostofflermy@blogger.com,649-213-3086
828,Val,Peinton,3,15,1982,vpeintonmz@eepurl.com,743-196-1104
829,Jareb,Midford,7,31,1993,jmidfordn0@bigcartel.com,386-744-5375
830,Zackariah,Howells,2,3,1977,zhowellsn1@hatena.ne.jp,748-162-4536
831,Bentlee,Thomson,15,12,1988,bthomsonn2@usatoday.com,250-722-3972
832,Gabriele,Ollivier,6,15,1989,golliviern3@seesaa.net,514-867-6147
833,Kimberlee,Leavens,12,27,1995,kleavensn4@godaddy.com,950-779-4286
834,Rici,Rillstone,9,29,1985,rrillstonen5@feedburner.com,547-121-5110
835,Mortimer,Heliar,13,19,1983,mheliarn6@omniture.com,197-246-5318
836,Puff,Panner,9,12,1973,ppannern7@livejournal.com,232-547-1812
837,Corey,Vail,16,19,1971,cvailn8@weebly.com,366-557-6079
838,Graehme,Dupre,7,13,1974,gdupren9@biblegateway.com,556-633-1913
839,Laurene,Redan,5,2,1988,lredanna@alibaba.com,388-759-4798
840,Nanny,Pennetti,12,10,1994,npennettinb@eepurl.com,345-451-6734
841,Ivar,Askem,9,20,1991,iaskemnc@geocities.com,782-342-2043
842,Heddie,Manie,7,21,1983,hmaniend@shareasale.com,856-488-0982
843,Katrine,Tesche,17,23,1984,kteschene@netvibes.com,836-870-5633
844,Carmela,Priditt,7,14,1976,cpridittnf@yelp.com,274-623-7219
845,Tyrus,Emmer,15,3,1976,temmerng@columbia.edu,287-671-2888
846,Shaylah,Pacher,10,13,1973,spachernh@china.com.cn,379-193-1120
847,Zahara,Brithman,2,27,1983,zbrithmanni@hatena.ne.jp,503-687-3187
848,Val,Chancelier,12,0,1975,vchanceliernj@purevolume.com,793-710-4939
849,Andee,Scanlan,17,2,1971,ascanlannk@wp.com,958-829-6296
850,Maure,Veschambre,10,3,1998,mveschambrenl@g.co,291-580-2507
851,Rocky,Inglis,5,12,2001,ringlisnm@youtube.com,789-318-3492
852,Skippy,Frentz,9,23,1974,sfrentznn@mtv.com,433-623-8263
853,Gavan,Bonnar,12,18,1991,gbonnarno@reuters.com,155-701-8757
854,Doti,Uttridge,16,29,1973,duttridgenp@moonfruit.com,937-324-5192
855,Bertine,Primmer,7,15,1999,bprimmernq@mac.com,608-331-2706
856,Hillel,Berthod,9,29,1977,hberthodnr@cocolog-nifty.com,214-735-3271
857,Ketty,Brazear,6,31,1980,kbrazearns@soup.io,910-623-7403
858,Jenny,D'Orsay,12,27,1983,jdorsaynt@wisc.edu,414-219-7632
859,Janine,Thrift,12,24,2002,jthriftnu@creativecommons.org,692-705-6370
860,Daryl,Synnott,4,20,1993,dsynnottnv@infoseek.co.jp,830-445-2735
861,Freddy,Ziehms,1,22,1998,fziehmsnw@nytimes.com,423-822-7021
862,Berta,Jakobssen,13,27,1997,bjakobssennx@google.ru,355-317-6908
863,Tedmund,Aykroyd,11,31,1986,taykroydny@angelfire.com,586-829-2591
864,Anne-corinne,Showell,3,13,1978,ashowellnz@qq.com,571-983-5325
865,Gerhardt,Cutteridge,14,29,2000,gcutteridgeo0@reverbnation.com,105-248-1879
866,Clyve,Retallick,0,0,1995,cretallicko1@cnet.com,935-210-5986
867,Zed,Ramsdell,9,3,1986,zramsdello2@cpanel.net,827-610-3337
868,Aretha,L' Estrange,4,21,2002,alestrangeo3@squarespace.com,756-106-0955
869,Skipp,Millam,13,24,1996,smillamo4@reference.com,130-748-9014
870,Ody,Cornbell,13,11,1996,ocornbello5@hhs.gov,690-780-4340
871,Gennifer,McCreath,14,20,1988,gmccreatho6@altervista.org,400-743-5085
872,Astra,Wycliffe,3,14,1982,awycliffeo7@a8.net,
873,Moses,Piniur,17,15,1976,mpiniuro8@ucoz.com,388-934-3851
874,Ina,Souch,5,14,1982,isoucho9@list-manage.com,304-989-0649
875,Debra,Skillern,9,31,1976,dskillernoa@macromedia.com,388-207-6231
876,Edmon,Simonnot,2,28,1971,esimonnotob@diigo.com,865-484-2548
877,Nowell,Brocking,8,10,1991,nbrockingoc@studiopress.com,271-788-7802
878,Cosette,Trasler,9,17,1990,ctraslerod@ow.ly,503-361-1375
879,Darren,Orme,7,18,1988,dormeoe@chronoengine.com,293-836-5156
880,Demetra,Bernardoni,5,18,1976,dbernardoniof@google.co.uk,903-289-3776
881,Amil,Wauchope,7,11,1994,awauchopeog@vkontakte.ru,397-413-6420
882,Eolande,Grigaut,7,8,1980,egrigautoh@comcast.net,532-369-2515
883,Kelley,Skudder,9,11,1973,kskudderoi@deviantart.com,167-993-5840
884,Carlynne,Goodread,9,16,1971,cgoodreadoj@imdb.com,240-960-5573
885,Grantham,Carren,6,20,1977,gcarrenok@exblog.jp,509-317-3009
886,Cristy,Storton,15,3,1992,cstortonol@xinhuanet.com,916-487-8429
887,Pall,O'Loinn,1,7,1970,poloinnom@elegantthemes.com,256-516-9036
888,Skipper,Duthy,14,25,1974,sduthyon@symantec.com,955-946-4474
889,Eberto,Luckhurst,14,14,1992,eluckhurstoo@chronoengine.com,186-348-2478
890,Adiana,Klimke,15,29,2002,aklimkeop@rakuten.co.jp,830-427-9667
891,Carmelina,Parradye,14,30,1999,cparradyeoq@amazon.co.uk,259-607-0836
892,Cori,Jobin,15,29,1979,cjobinor@cbslocal.com,359-983-2048
893,Donavon,Schnieder,6,24,1985,dschniederos@ibm.com,
894,Conroy,Brownsmith,10,1,1982,cbrownsmithot@thetimes.co.uk,601-734-2098
895,Arin,Philippet,1,18,1999,aphilippetou@jugem.jp,362-632-0402
896,Mufi,Pomery,11,15,1969,mpomeryov@uiuc.edu,103-441-9623
897,Deloris,Johnigan,7,17,2000,djohniganow@sitemeter.com,137-285-2764
898,Shem,Godsell,6,17,1999,sgodsellox@bandcamp.com,222-208-3381
899,Arvie,Eckert,3,19,1991,aeckertoy@pen.io,783-395-5601
900,John,Wauchope,5,6,1992,jwauchopeoz@soundcloud.com,951-298-8387
901,Konstanze,Opie,8,3,1980,kopiep0@360.cn,727-513-9949
902,Stacie,Gotmann,10,2,1996,sgotmannp1@go.com,337-847-5950
903,Woody,Levermore,7,12,1987,wlevermorep2@google.com.au,586-825-7678
904,Hephzibah,Nerney,14,13,1977,hnerneyp3@toplist.cz,999-999-0843
905,Carmina,Imlacke,1,11,1991,cimlackep4@topsy.com,828-873-7155
906,Debi,Didsbury,16,9,1980,ddidsburyp5@twitter.com,219-841-3632
907,Bell,Duffyn,17,18,1995,bduffynp6@dot.gov,582-331-6288
908,Sissie,Greenaway,4,10,1972,sgreenawayp7@godaddy.com,258-383-6327
909,Skipton,Hawsby,6,16,1976,shawsbyp8@feedburner.com,797-933-6276
910,Romonda,Elsop,0,2,1984,relsopp9@yelp.com,831-795-8618
911,Jilleen,Bergin,9,24,1988,jberginpa@ning.com,409-644-8078
912,Thibaud,Samsin,17,29,1970,tsamsinpb@theglobeandmail.com,475-647-1093
913,Aundrea,Bulfoot,3,10,1998,abulfootpc@wikia.com,560-941-6958
914,Mathilda,Exposito,0,8,2000,mexpositopd@histats.com,897-679-2721
915,Maurise,Fireman,7,1,1991,mfiremanpe@wikia.com,705-626-8067
916,Ignazio,Decourcy,10,31,1993,idecourcypf@statcounter.com,669-471-9156
917,Gonzalo,Osgardby,0,25,1992,gosgardbypg@bing.com,273-660-0400
918,Darnall,Farnfield,5,11,1974,dfarnfieldph@google.de,586-620-0853
919,Sandi,Huburn,8,3,1988,shuburnpi@360.cn,373-146-5350
920,Jaquenette,Mateuszczyk,10,4,1982,jmateuszczykpj@flickr.com,470-913-2426
921,Ulysses,Pursey,2,19,2001,upurseypk@artisteer.com,589-894-3577
922,Jermayne,Gennings,0,0,1986,jgenningspl@altervista.org,339-571-4332
923,Francine,Chick,17,19,1992,fchickpm@storify.com,769-539-8107
924,Robbie,Yuill,13,25,1999,ryuillpn@desdev.cn,
925,Rupert,Bathoe,17,9,1993,rbathoepo@opera.com,407-581-5950
926,Hyacinth,Bedbury,2,1,1983,hbedburypp@deliciousdays.com,
927,Dillon,Luck,8,24,1970,dluckpq@java.com,301-260-5894
928,Kally,Sibery,2,28,1995,ksiberypr@howstuffworks.com,995-615-7846
929,Katusha,Yannoni,15,8,1969,kyannonips@wiley.com,552-121-8312
930,Bryon,Paladino,8,29,1977,bpaladinopt@trellian.com,
931,Benedick,Westpfel,5,25,1979,bwestpfelpu@icio.us,139-559-1430
932,Dannye,Davitt,4,20,1986,ddavittpv@twitpic.com,
933,Eveline,Skeermer,7,14,1984,eskeermerpw@youtu.be,401-444-1760
934,Mick,Farbrother,4,6,1980,mfarbrotherpx@artisteer.com,567-619-1056
935,Giacomo,Sarah,9,9,1999,gsarahpy@vimeo.com,366-154-9255
936,Tana,Tison,1,23,2000,ttisonpz@walmart.com,934-146-9836
937,Barrett,Havik,3,9,1970,bhavikq0@fema.gov,517-253-4686
938,Lucretia,Canelas,5,12,1977,lcanelasq1@tripadvisor.com,432-340-3719
939,Robbert,Chelnam,15,23,1991,rchelnamq2@multiply.com,
940,Eydie,Ellery,13,0,1976,eelleryq3@soup.io,436-812-8570
941,Rad,Wenman,11,2,1976,rwenmanq4@marketwatch.com,977-463-8742
942,Trixie,Challicum,7,3,1991,tchallicumq5@slashdot.org,566-170-2015
943,Ranice,Ricks,11,7,1986,rricksq6@newyorker.com,243-768-2367
944,Wesley,Orrice,5,21,1978,worriceq7@yale.edu,816-148-3817
945,Lexy,Gayther,4,13,1979,lgaytherq8@parallels.com,299-482-3447
946,Sergeant,Pettitt,10,5,1972,spettittq9@ucsd.edu,770-694-9305
947,Ansell,Schorah,2,23,2000,aschorahqa@privacy.gov.au,877-532-9095
948,Francyne,Leggitt,16,0,1978,fleggittqb@yellowbook.com,179-663-1523
949,Tony,Costar,16,24,1975,tcostarqc@oracle.com,536-715-7874
950,Eleanore,Hibling,11,14,1988,ehiblingqd@unc.edu,100-815-4132
951,Mervin,Feldheim,12,10,1982,mfeldheimqe@ovh.net,362-560-8407
952,Carlita,Aggis,14,31,1980,caggisqf@nps.gov,982-484-8256
953,Arther,Barkus,2,32,1992,abarkusqg@walmart.com,934-776-7988
954,Dewie,Cockshut,17,29,1977,dcockshutqh@quantcast.com,301-482-5890
955,Korey,Kinnock,15,27,1997,kkinnockqi@apple.com,512-261-9846
956,Jeremias,Brigginshaw,1,1,1992,jbrigginshawqj@yahoo.co.jp,409-935-5847
957,Pet,Nuttey,16,18,2002,pnutteyqk@nifty.com,777-458-6422
958,Daryl,Mc Gaughey,2,16,1975,dmcgaugheyql@reuters.com,145-619-5806
959,Court,Jekel,6,9,1992,cjekelqm@sciencedaily.com,358-652-9395
960,Allard,Morican,1,17,1971,amoricanqn@rediff.com,186-990-6751
961,Thia,Paull,17,1,1982,tpaullqo@illinois.edu,896-897-0181
962,Nata,Lindeman,4,16,1998,nlindemanqp@umn.edu,480-181-0123
963,Delilah,Kimmince,15,8,1985,dkimminceqq@elpais.com,724-297-1466
964,Wally,Gaishson,5,28,1982,wgaishsonqr@multiply.com,232-671-0469
965,Bearnard,Blanpein,14,4,1972,bblanpeinqs@dropbox.com,836-967-8601
966,Salem,Stockell,15,22,1976,sstockellqt@friendfeed.com,542-152-9154
967,Rani,Berre,0,27,1981,rberrequ@auda.org.au,
968,Hyatt,Summerton,12,6,2000,hsummertonqv@sitemeter.com,218-781-0667
969,Malynda,Dmitrievski,0,19,1978,mdmitrievskiqw@rediff.com,139-105-3248
970,Corilla,Powder,10,11,1981,cpowderqx@feedburner.com,210-951-6139
971,Lek,Younge,6,2,1979,lyoungeqy@dedecms.com,426-757-2070
972,Terese,Kittles,9,17,1987,tkittlesqz@sbwire.com,318-298-6487
973,Kurtis,Santhouse,12,8,1999,ksanthouser0@nps.gov,909-424-4270
974,Glad,Work,14,16,1972,gworkr1@desdev.cn,318-713-2726
975,Ward,Gazzard,14,16,1978,wgazzardr2@alibaba.com,898-933-1009
976,Alyson,Maystone,12,3,1976,amaystoner3@yahoo.co.jp,412-571-5632
977,Gail,Outridge,13,16,1985,goutridger4@parallels.com,480-893-1508
978,Harriet,Adkins,6,12,1985,hadkinsr5@pbs.org,326-897-8401
979,Blake,Mannooch,9,10,2001,bmannoochr6@spotify.com,241-346-8773
980,Darbee,Weldrake,2,30,1971,dweldraker7@cargocollective.com,939-580-9447
981,Jenny,Maslin,3,22,1972,jmaslinr8@paginegialle.it,417-508-9119
982,Crissy,Gosenell,2,30,1990,cgosenellr9@diigo.com,989-451-7174
983,Roana,Polley,6,8,1974,rpolleyra@google.de,
984,Ermina,Breydin,10,10,1976,ebreydinrb@typepad.com,838-464-2348
985,Maureene,Episcopio,0,24,1994,mepiscopiorc@chronoengine.com,852-563-3944
986,Aila,Gibke,16,23,1988,agibkerd@japanpost.jp,527-699-5111
987,Raimundo,Killough,15,10,1982,rkilloughre@posterous.com,634-637-4195
988,Noemi,Bonham,17,29,1979,nbonhamrf@unicef.org,245-977-7698
989,Helena,Chattaway,5,24,1980,hchattawayrg@mozilla.org,823-904-4087
990,Theodora,Hadden,16,5,1983,thaddenrh@thetimes.co.uk,638-258-7210
991,Beatrix,Damarell,12,30,2002,bdamarellri@sitemeter.com,184-480-0411
992,Olivia,Bosma,10,32,1999,obosmarj@examiner.com,669-646-7329
993,Elston,Barkway,10,18,1998,ebarkwayrk@lulu.com,661-888-2588
994,Corrie,Stonehouse,2,2,1988,cstonehouserl@yale.edu,
995,Jolie,Bettam,9,0,1999,jbettamrm@discuz.net,
996,Kiley,Grollmann,1,1,1978,kgrollmannrn@oracle.com,661-519-5941
997,Reinhard,Schurig,3,3,1998,rschurigro@eepurl.com,608-636-3310
998,Pamela,Myford,13,28,1984,pmyfordrp@nature.com,729-280-6633
999,Julina,Langabeer,8,21,1986,jlangabeerrq@goo.ne.jp,139-488-3092
1000,Waneta,Streatfield,5,19,1982,wstreatfieldrr@list-manage.com,269-187-3161
